"","id_sampl","Survey","strata","psu","DTM.Round","Place.ID","Governorate","District","Location.Name","Arabic.Name","Latitude","Longitude","Families","critical_shelter","COD_Subdistrict","COD_Governorate","pop","IDP_perc","SumDist","proba","survey_buffer"
"1","id_100",6,"Sumail","1103012",109,8246,"Dahuk","Sumel","Girsheen","كرشين",36.9924547544,42.6007082224,68,TRUE,"Bateel","Duhok",262.059987038374,25.9482574079662,8240.0502821058,0.0318032024158234,7
"2","id_1029",17,"Al-Kadhmiyah","2301003",109,24047,"Baghdad","Abu Ghraib","Abo Moniaser","ابو منيصير",33.2943003676,44.0949169388,48,TRUE,"Abu Ghraib","Baghdad",1393.3011277914,3.44505570565979,6001.72234755754,0.232150214072869,18
"3","id_1053",5,"Al-Kadhmiyah","2301038",109,7553,"Baghdad","Abu Ghraib","Hay Al-Shuhadaa","حي الشهداء-خان ضاري",33.2945232332,44.0569122614,27,TRUE,"Abu Ghraib","Baghdad",675.120888868968,3.99928374979379,6001.72234755754,0.112487857613692,6
"4","id_1058",10,"Al-Kadhmiyah","2301045",109,25126,"Baghdad","Abu Ghraib","Khan Dhari Center","خان ضاري مركز",33.2994513974,44.0622807136,25,TRUE,"Abu Ghraib","Baghdad",856.105314652125,2.9202014719601,6001.72234755754,0.142643272226768,11
"5","id_1060",8,"Al-Kadhmiyah","2301048",109,25128,"Baghdad","Abu Ghraib","Khernabat-South","خرنابات الجنوبيه",33.3205739005,44.1922277231,91,TRUE,"Abu Ghraib","Baghdad",552.42129166921,16.4729349451814,6001.72234755754,0.0920437933777497,9
"6","id_1067",4,"Al-Kadhmiyah","2301073",109,31713,"Baghdad","Abu Ghraib","Shuhada Markza-Shuhadda the first","الشهداءالمركز-شهداء الاولى",33.3016274152,44.1465099815,91,TRUE,"Abu Ghraib","Baghdad",390.038643836975,23.3310215379672,6001.72234755754,0.0649877853805924,5
"7","id_1068",8,"Al-Kadhmiyah","2301074",109,31714,"Baghdad","Abu Ghraib","Shuhada Markza-Shuhdda the second","الشهداء المركز-شهداء الثانية",33.3090530065,44.1452795742,62,TRUE,"Abu Ghraib","Baghdad",588.68541542689,10.5319408932596,6001.72234755754,0.0980860795179005,9
"8","id_107",12,"Sumail","1103021",109,7990,"Dahuk","Sumel","Namrike","نمريكي",36.7388267266,42.8842706347,13,TRUE,"Sindi","Duhok",298.836564719677,4.35020393578497,8240.0502821058,0.0362663520838743,13
"9","id_1074",67,"Al-Adhamiya","2302007",109,23728,"Baghdad","Adhamia","Adhamiya-310","الاعظمية-310",33.3657624508,44.356204488,24,TRUE,"Markaz Al-Adhamiya","Baghdad",5487.93399175008,0.437323044265452,5487.93399175008,1,70
"10","id_110",30,"Sumail","1103024",109,8336,"Dahuk","Sumel","Semel","سيميل",36.8571911693,42.8494559975,1163,TRUE,"Markaz Sumail","Duhok",2054.26297603051,56.6139785202811,8240.0502821058,0.249302237935559,31
"11","id_111",6,"Sumail","1103025",109,8369,"Dahuk","Sumel","Shariya","شاريا",36.7861301566,42.9779510047,4447,TRUE,"Sindi","Duhok",559.436017394066,794.907703782601,8240.0502821058,0.0678923062652839,7
"12","id_127",6,"Sumail","1103043",109,27125,"Dahuk","Sumel","Old Qasr Yazddin","قسريزدين قديمة",36.8210205191,42.8073927523,199,TRUE,"Markaz Sumail","Duhok",222.694813450178,89.3599616968724,8240.0502821058,0.0270259046760654,7
"13","id_1333",13,"Al-Kadhmiyah","2306106",109,27413,"Baghdad","Kadhimia","Al Ahnaf-Al Rakia Fadel village","الأحنف-اركية وفاضل",33.4349745642,44.2344157632,38,TRUE,"That al Salasil","Baghdad",1095.79860027631,3.4677905219461,6001.72234755754,0.182580688812147,14
"14","id_135",12,"Sumail","1103053",109,8013,"Dahuk","Sumel","Marina","مرينا",36.9102954447,42.7938566063,88,TRUE,"Markaz Sumail","Duhok",343.995508864522,25.5817293343378,8240.0502821058,0.0417467730277747,13
"15","id_1351",61,"Al-Karkh","2307010",109,25221,"Baghdad","Karkh","Al Forat-893","الفرات-893",33.275924219,44.2758435947,43,TRUE,"Al-Mansour","Baghdad",6079.96537717183,0.707240869519588,6709.06730206807,0.906231090467326,63
"16","id_1359",6,"Al-Karkh","2307018",109,23734,"Baghdad","Karkh","Al Ghazaliya-681","الغزالية-681",33.3307527157,44.2770378326,25,TRUE,"Al-Mansour","Baghdad",629.10192489624,3.97391885331194,6709.06730206807,0.0937689095326737,7
"17","id_1431",63,"Al-Risafa","2307124",109,21745,"Baghdad","Karkh","Al Karkh-212","الكرخ-212",33.3390359335,44.3829039264,28,TRUE,"Al-Karrada Al-Sharqia","Baghdad",832.102517445882,3.36496999022972,832.102517445882,1,65
"18","id_144",6,"Zakho","1104019",109,25992,"Dahuk","Zakho","Diraboon","ديربون",37.0855515317,42.4268137865,593,TRUE,"Markaz Zakho","Duhok",1085.68011458715,54.6201401345092,16806.1666391343,0.0646001041105393,7
"19","id_145",6,"Zakho","1104020",109,8620,"Dahuk","Zakho","Qarawla","قرولا",37.1235641736,42.4368473728,32,TRUE,"Markaz Zakho","Duhok",417.692449241877,7.66113920854468,16806.1666391343,0.0248535230079923,7
"20","id_1484",12,"Al-Mahmoudiya","2309001",109,23618,"Baghdad","Mahmoudiya","14 Tamooz","حي 14 تموز",32.962569187,44.3540714204,83,TRUE,"Al-Latifya","Baghdad",388.686896979809,21.353948549573,1837.5728973945,0.211521892563244,13
"21","id_1485",16,"Al-Mahmoudiya","2309005",109,25150,"Baghdad","Mahmoudiya","Al Latefia-Al Qadessia","اللطيفية-حي القادسية",32.9704056974,44.3544772874,155,TRUE,"Al-Latifya","Baghdad",483.507913470268,32.0573863801986,1837.5728973945,0.263123119717229,17
"22","id_1498",9,"Al-Mahmoudiya","2309027",109,21463,"Baghdad","Mahmoudiya","Hay Al Mazraa","حي المزرعة ",33.0020125861,44.3663770084,35,TRUE,"Al-Latifya","Baghdad",228.108466943105,15.3435777588781,1837.5728973945,0.124135737562597,10
"23","id_1500",14,"Al-Mahmoudiya","2309030",109,7733,"Baghdad","Mahmoudiya","Hay Al Zuhoor","حي الزهور",32.9673387036,44.3641633959,75,TRUE,"Al-Latifya","Baghdad",314.085378626982,23.8788575029697,1837.5728973945,0.170924037393197,15
"24","id_1509",15,"Al-Mahmoudiya","2309052",109,7364,"Baghdad","Mahmoudiya","Sader Al Yousfiya","صدر اليوسفية",33.111884291,44.1831915768,24,TRUE,"Al-Yousifya","Baghdad",423.184241374334,5.67128868552798,1837.5728973945,0.230295212763732,16
"25","id_151",12,"Zakho","1104055",109,32024,"Dahuk","Zakho","Ashe Chami Sector","قطاع آشي جمي",37.1490505831,42.6751877754,382,TRUE,"Dercar","Duhok",1802.30968888601,21.1950256027371,16806.1666391343,0.107240974553305,13
"26","id_1517",2,"Al-Kadhmiyah","2310005",109,23738,"Baghdad","Tarmia","Al Rawad","الرواد",33.7313635097,44.254821205,20,TRUE,"Al-Tarmiya","Baghdad",450.251065035661,4.44196617245446,6001.72234755754,0.0750203089982819,3
"27","id_1531",7,"Al-Khalis","2401004",109,11195,"Diyala","Al-Khalis","Al Ghalbiya","الغالبية",33.7315822136,44.480374265,60,TRUE,"Hibhib","Diyala",618.864790121714,9.69517105476296,4846.26320104798,0.127699376704899,8
"28","id_154",12,"Zakho","1104058",109,32027,"Dahuk","Zakho","Bedar Sector","قطاع بيدار",37.1466766528,42.6469366883,1202,TRUE,"Markaz Zakho","Duhok",1928.92631514867,62.3144591143885,16806.1666391343,0.114774913076075,13
"29","id_1545",5,"Al-Khalis","2401025",109,23965,"Diyala","Al-Khalis","Arab Shanon","عرب شعنون",33.8137840141,44.573009132,20,TRUE,"Markaz Al-Khalis","Diyala",420.838005791108,4.75242248199594,4846.26320104798,0.0868376289798094,6
"30","id_155",6,"Zakho","1104059",109,32028,"Dahuk","Zakho","Khrababka Sector","قطاع خرابابكا",37.1481758763,42.74655575,824,TRUE,"Markaz Zakho","Duhok",671.403390477101,122.728006990621,16806.1666391343,0.0399498234721589,7
"31","id_156",6,"Zakho","1104060",109,32029,"Dahuk","Zakho","Rkawa Sector","قطاع ركاوا",37.1447962268,42.6866285652,185,TRUE,"Dercar","Duhok",465.468516190847,39.7449007967164,16806.1666391343,0.0276962930444217,7
"32","id_1560",55,"Al-Khalis","2401043",109,11425,"Diyala","Al-Khalis","Jadidat Al Shat village","قرية جديدة الشط",33.6419951028,44.4228947803,65,TRUE,"Hibhib","Diyala",3806.56040513515,1.70757831433105,4846.26320104798,0.785462994315292,57
"33","id_158",6,"Zakho","1104062",109,32031,"Dahuk","Zakho","Abasiya Sector","قطاع عباسية",37.1453186121,42.7088514116,975,TRUE,"Markaz Zakho","Duhok",1268.92606268326,76.8366281277469,16806.1666391343,0.0755035987640682,7
"34","id_1580",7,"Baquba","2403008",109,11189,"Diyala","Ba'quba","Al Mafraq","المفرق",33.7431955687,44.6106818606,254,TRUE,"Beni Saad","Diyala",470.834175268809,53.9468061881842,6610.4946555694,0.0712252561723391,8
"35","id_1582",15,"Baquba","2403010",109,11410,"Diyala","Ba'quba","Al Rasool Qtr","حي الرسول",33.5782351033,44.5471096928,41,TRUE,"Beni Saad","Diyala",1588.81609209379,2.58053781076506,6610.4946555694,0.240347534470086,16
"36","id_159",6,"Zakho","1104063",109,32032,"Dahuk","Zakho","Firqa Sector","قطاع فرقة",37.1579971223,42.7044465616,871,TRUE,"Dercar","Duhok",1602.18839216232,54.3631450746247,16806.1666391343,0.0953333634352714,7
"37","id_1593",5,"Baquba","2403022",109,11432,"Diyala","Ba'quba","Al-Swamra village","قرية السوامرة",33.7615206837,44.6530412915,79,TRUE,"Beni Saad","Diyala",414.441956957181,19.0617766067932,6610.4946555694,0.0626945453481322,6
"38","id_160",24,"Zakho","1104064",109,32033,"Dahuk","Zakho","Kochka Honari","قطاع كوجكا هوناري",37.167043054,42.6875712388,880,TRUE,"Dercar","Duhok",1688.31591494878,52.1229464348618,16806.1666391343,0.10045812059351,25
"39","id_1604",25,"Baquba","2403036",109,23694,"Diyala","Ba'quba","Al Intesar-1 Qtr","حي الانتصار 1",33.5842200577,44.556277913,67,TRUE,"Beni Saad","Diyala",2559.14540894826,2.61806147340159,6610.4946555694,0.387133723312545,26
"40","id_161",6,"Zakho","1104069",109,8718,"Dahuk","Zakho","Gofk","كوفك",37.1096664932,43.0579555105,21,TRUE,"Batifa","Duhok",370.240993221601,5.67198132688426,16806.1666391343,0.0220300679608561,7
"41","id_1628",15,"Baquba","2403062",109,23709,"Diyala","Ba'quba","Mohamed sakran","محمد سكران",33.5645406992,44.432396758,25,TRUE,"Beni Saad","Diyala",1577.25702230136,1.58503019143467,6610.4946555694,0.238598940696897,16
"42","id_164",6,"Zakho","1104072",109,8212,"Dahuk","Zakho","Bersive","بيرسفي",37.1900080837,42.8563727861,68,TRUE,"Dercar","Duhok",309.700338403384,21.956708329918,16806.1666391343,0.0184277798175716,7
"43","id_165",6,"Zakho","1104073",109,33580,"Dahuk","Zakho","Grksindi","كركسندي",37.1809500848,42.7850076751,31,TRUE,"Markaz Zakho","Duhok",218.741271952788,14.1719940289507,16806.1666391343,0.0130155362998386,7
"44","id_1654",26,"Khanaqin","2405013",109,24407,"Diyala","Khanaqin","alkubeah small village","قرية الكبية الصغيرة",34.3994973149,45.2333653304,25,TRUE,"Markaz Khanaqin","Diyala",202.73550162216,12.3313380241576,532.602661862969,0.38065056023757,27
"45","id_1696",35,"Khanaqin","2405068",109,11047,"Diyala","Khanaqin","Tula Frosh Qtr","حي تولا فروش",34.3578876346,45.3765981853,165,TRUE,"Markaz Khanaqin","Diyala",329.867160240809,50.0201353416166,532.602661862969,0.61934943976243,37
"46","id_1743",4,"Kerbela","2502024",109,13985,"Kerbala","Al-Hindiya","Mantakat Al hnedea","منطقة الهندية",32.560357912,44.0682229743,58,TRUE,"Markaz Kerbela","Kerbala",739.033205091953,7.84809120894418,8831.40707401435,0.083682384799869,5
"47","id_1744",16,"Al-Hindiya","2502027",109,27336,"Kerbala","Al-Hindiya","Al abodea","العبودية",32.4988482702,44.1390628823,69,TRUE,"Markaz Al-Hindiya","Kerbala",249.573247283697,27.6471940606541,1216.52649996678,0.205152331075823,17
"48","id_1745",23,"Al-Hindiya","2502036",109,25995,"Kerbala","Al-Hindiya","Al Jedar Al Gharbi","الجدار الغربي",32.5102609923,44.1288174918,45,TRUE,"Markaz Al-Hindiya","Kerbala",370.328171610832,12.1513844880506,1216.52649996678,0.304414389346179,24
"49","id_1748",13,"Al-Hindiya","2502043",109,25994,"Kerbala","Al-Hindiya","Albu Zagam","البوزكم",32.482397162,44.1679327337,33,TRUE,"Markaz Al-Hindiya","Kerbala",289.172167986631,11.4118866382485,1216.52649996678,0.237703139220171,14
"50","id_1750",13,"Al-Hindiya","2502047",109,26009,"Kerbala","Al-Hindiya","Al-Khayrat","الخيرات",32.3545901956,44.2374848658,476,TRUE,"Markaz Al-Hindiya","Kerbala",307.45291308562,154.820455341545,1216.52649996678,0.252730140357826,14
"51","id_1773",7,"Kerbela","2503037",109,25887,"Kerbala","Kerbala","Al Fadha","الفيضة",32.6846100843,44.0901942578,47,TRUE,"Al-Hassainya","Kerbala",1077.4075987339,4.36232304795616,8831.40707401435,0.121997275145892,8
"52","id_1778",1,"Kerbela","2503048",109,24630,"Kerbala","Kerbala","Sumer 1","حي سومر1",32.6462041,43.9883791,13,TRUE,"Markaz Kerbela","Kerbala",266.704374949137,4.87431074292621,8831.40707401435,0.03019953363195,2
"53","id_1792",4,"Kerbela","2503077",109,25848,"Kerbala","Kerbala","Al Sahrawy Al Mazarea","الصحراوية المزارع",32.5450305,44.0896334,19,TRUE,"Markaz Kerbela","Kerbala",693.039560198784,2.74154623937344,8831.40707401435,0.0784744213906743,5
"54","id_1797",10,"Kerbela","2503089",109,25938,"Kerbala","Kerbala","Al Wand Al Mustajad","الوند المستجد",32.7230437274,44.2248252298,25,TRUE,"Al-Hassainya","Kerbala",800.93703164657,3.12134400236245,8831.40707401435,0.0906918937077714,11
"55","id_1798",8,"Kerbela","2503096",109,14167,"Kerbala","Kerbala","Al-Abrahmeiah (Al hafed)","الابراهيمية (الحافظ)",32.6601784305,44.1391668817,35,TRUE,"Al-Hassainya","Kerbala",1569.30595040321,2.23028530485131,8831.40707401435,0.177696027060146,9
"56","id_1809",6,"Kerbela","2503122",109,14191,"Kerbala","Kerbala","Al-kakaeiah Al-Sharkeiah","كعكاعية الشرقيه",32.6977041603,44.1433511579,33,TRUE,"Al-Hassainya","Kerbala",764.440566440423,4.31688236453263,8831.40707401435,0.0865593172224757,7
"57","id_1819",8,"Kerbela","2503138",109,26065,"Kerbala","Kerbala","Badat Aswad","بدعة اسود",32.6827925145,44.0766972611,45,TRUE,"Al-Hassainya","Kerbala",1121.76480205854,4.01153610074242,8831.40707401435,0.127019940611642,9
"58","id_1864",17,"Kerbela","2503241",109,26010,"Kerbala","Kerbala","Um Al Banen Village","قرية ام البنين",32.5615083,44.0643642,31,TRUE,"Markaz Kerbela","Kerbala",1481.23354488611,2.09285025356238,8831.40707401435,0.167723391354534,18
"59","id_1869",3,"Kerbela","2503253",109,14324,"Kerbala","Kerbala","Al Muamnen(Elegal)","تجاوز المؤمنين",32.6430265832,43.9760048579,19,TRUE,"Markaz Kerbela","Kerbala",317.540439605713,5.98348985836013,8831.40707401435,0.035955815075046,4
"60","id_1892",12,"Kirkuk","2603001",109,22289,"Kirkuk","Kirkuk","Al Faylaq-Mahala 5","حي الفيلق-5",35.4761735203,44.3698978887,247,TRUE,"Markaz Kirkuk","Kirkuk",1619.34908600648,15.2530422337245,40667.1467511356,0.0398195894075422,13
"61","id_1895",6,"Kirkuk","2603006",109,24084,"Kirkuk","Kirkuk","Al Tadamon(Hawkari)","حي التضامن-هاوكاري-",35.4101237217,44.3902047346,900,TRUE,"Markaz Kirkuk","Kirkuk",2038.16333039602,44.1574032158222,40667.1467511356,0.0501181787566422,7
"62","id_1896",6,"Kirkuk","2603007",109,24453,"Kirkuk","Kirkuk","Al Takhi Village","قرية تأخي",35.3767013412,44.3483316834,280,TRUE,"Taza Khormato","Kirkuk",1043.96859534581,26.8207301683486,40667.1467511356,0.0256710558459984,7
"63","id_1897",6,"Kirkuk","2603009",109,15433,"Kirkuk","Kirkuk","Amal al shaabi","حي العمل الشعبي",35.5024861156,44.3307178835,526,TRUE,"Markaz Kirkuk","Kirkuk",2571.88823747635,20.451899594056,40667.1467511356,0.0632424067814527,7
"64","id_1899",66,"Dibis","2603011",109,15449,"Kirkuk","Kirkuk","Bajwan","قرية باجوان",35.5411040921,44.2825113672,110,TRUE,"Altun Qupri","Kirkuk",2476.63872677088,4.44150367233503,2476.63872677088,1,68
"65","id_1901",12,"Kirkuk","2603013",109,15603,"Kirkuk","Kirkuk","Hay 1 Athar","حي 1 اذار",35.3979694296,44.364384242,138,TRUE,"Markaz Kirkuk","Kirkuk",2197.23148759206,6.28063091118513,40667.1467511356,0.0540296446425936,13
"66","id_1903",6,"Kirkuk","2603015",109,24779,"Kirkuk","Kirkuk","Hay Al Hamzali","حي الحمزلي",35.4550989037,44.3665508247,72,TRUE,"Markaz Kirkuk","Kirkuk",2156.14691325029,3.33929008072383,40667.1467511356,0.053019380150885,7
"67","id_1909",12,"Kirkuk","2603022",109,15578,"Kirkuk","Kirkuk","Hay Al-Khadraa","حي الخضراء",35.4343247685,44.3514226134,140,TRUE,"Markaz Kirkuk","Kirkuk",1943.44309492906,7.20370976465922,40667.1467511356,0.0477890201351485,13
"68","id_1913",12,"Kirkuk","2603026",109,15550,"Kirkuk","Kirkuk","Hay Al-Urooba","حي العروبة",35.4296511042,44.3912646624,573,TRUE,"Markaz Kirkuk","Kirkuk",2054.39447625478,27.8914301329604,40667.1467511356,0.0505173005823777,13
"69","id_1927",6,"Kirkuk","2603047",109,24422,"Kirkuk","Kirkuk","Sayada village","قرية صيادة",35.3610924208,44.3295304547,35,TRUE,"Taza Khormato","Kirkuk",728.491192062696,4.80445067577259,40667.1467511356,0.0179135063622912,7
"70","id_1929",12,"Kirkuk","2603050",109,14703,"Kirkuk","Kirkuk","Tiseen","حي تسن",35.445333511,44.3679337251,133,TRUE,"Markaz Kirkuk","Kirkuk",1730.99565068881,7.68343929385819,40667.1467511356,0.0425649643256684,13
"71","id_1937",6,"Kirkuk","2603065",109,14907,"Kirkuk","Kirkuk","Hay Al Ertiqaa","حي الارتقاء",35.4890926841,44.3597760618,76,TRUE,"Markaz Kirkuk","Kirkuk",2544.27574082216,2.9870976160564,40667.1467511356,0.0625634189777799,7
"72","id_1941",6,"Kirkuk","2603069",109,31729,"Kirkuk","Kirkuk","Hay Al-Askary 2","حي العسكري 2",35.4061091999,44.4141739739,430,TRUE,"Markaz Kirkuk","Kirkuk",1278.27322735389,33.6391305707097,40667.1467511356,0.0314325771408636,7
"73","id_1946",36,"Aqra","2701001",109,17734,"Ninewa","Akre","Akre","عقرة",36.7361641121,43.873938938,1690,TRUE,"Kurdsein","Ninewa",628.650717859467,268.829725631172,1069.91302114104,0.58757179830284,38
"74","id_1953",17,"Aqra","2701009",109,8776,"Ninewa","Akre","Daratu","دارتو",36.4778018104,43.7256114473,109,TRUE,"Bardarash","Ninewa",228.611654666563,47.6791089933625,1069.91302114104,0.213673121225081,18
"75","id_1956",34,"Al-Hamdaniya","2701012",109,24581,"Ninewa","Akre","Kalak","كلكك",36.2712232125,43.6367148846,642,TRUE,"Markaz Al-Hamdaniya","Ninewa",786.224610390762,81.6560549638504,1564.24375253047,0.502622822765885,36
"76","id_1961",11,"Aqra","2701017",109,24580,"Ninewa","Akre","Roviya","روفيا",36.6180422219,43.7010234683,687,TRUE,"Bardarash","Ninewa",212.650648615013,323.065085610794,1069.91302114104,0.198755080472079,12
"77","id_1973",31,"Al-Hamdaniya","2701035",109,33475,"Ninewa","Akre","Zangal","زنكل",36.2335430267,43.6080352015,48,TRUE,"Markaz Al-Hamdaniya","Ninewa",778.019142139703,6.16951401324018,1564.24375253047,0.497377177234115,32
"78","id_1985",6,"Al-Shikhan","2704002",109,17752,"Ninewa","Al-Shikhan","Baadre","باعدري",36.7234298377,43.2519170323,688,TRUE,"Markaz Al-Shikhan","Ninewa",1033.78514561057,66.5515463170692,11398.6221342335,0.0906938692621278,7
"79","id_1986",6,"Al-Shikhan","2704004",109,18294,"Ninewa","Al-Shikhan","Berstik","بيرستيك",36.7044151264,43.3200519168,69,TRUE,"Markaz Al-Shikhan","Ninewa",586.270664493243,11.7693079628403,11398.6221342335,0.0514334677989276,7
"80","id_1987",6,"Al-Shikhan","2704005",109,18265,"Ninewa","Al-Shikhan","Betnar","بيتنار",36.6500200434,43.3805176575,18,TRUE,"Markaz Al-Shikhan","Ninewa",505.893463939428,3.55806138704239,11398.6221342335,0.0443819838908491,7
"81","id_1988",12,"Al-Shikhan","2704006",109,21008,"Ninewa","Al-Shikhan","Chira","جرة",36.6406650692,43.5255234035,187,TRUE,"Qasruk","Ninewa",1047.09858765205,17.85887233592,11398.6221342335,0.0918618562244724,13
"82","id_1992",6,"Al-Shikhan","2704011",109,18058,"Ninewa","Al-Shikhan","Kalakchi","كلكجي",36.5880967912,43.5243074027,301,TRUE,"Qasruk","Ninewa",1346.33917117119,22.3569221222434,11398.6221342335,0.118114203218275,7
"83","id_1993",12,"Al-Shikhan","2704012",109,17535,"Ninewa","Al-Shikhan","Mahad","مهد",36.6466696159,43.4132665021,250,TRUE,"Markaz Al-Shikhan","Ninewa",823.959217796723,30.3413075065175,11398.6221342335,0.0722858612289747,13
"84","id_1995",18,"Al-Shikhan","2704015",109,18199,"Ninewa","Al-Shikhan","Qasrok","قسروك",36.6997388584,43.5980404236,310,TRUE,"Qasruk","Ninewa",997.959165742,31.063395241178,11398.6221342335,0.0875508595679145,19
"85","id_1996",24,"Al-Shikhan","2704016",109,17333,"Ninewa","Al-Shikhan","Shekhan","شيخان",36.6858503241,43.3506314186,1678,TRUE,"Markaz Al-Shikhan","Ninewa",2748.95652292172,61.0413437247288,11398.6221342335,0.241165685689832,25
"86","id_2002",6,"Al-Shikhan","2704027",109,18251,"Ninewa","Al-Shikhan","Almaman","آلممان",36.664052961,43.2686275806,14,TRUE,"Markaz Al-Shikhan","Ninewa",426.953455299139,3.27904595366047,11398.6221342335,0.03745658468815,7
"87","id_2005",12,"Al-Shikhan","2704033",109,29672,"Ninewa","Al-Shikhan","Pirbob","بيربوب",36.6440537618,43.4707588753,16,TRUE,"Markaz Al-Shikhan","Ninewa",776.882235725721,2.05951420488508,11398.6221342335,0.0681558022168757,13
"88","id_2016",6,"Al-Mosul","2706003",109,24549,"Ninewa","Mosul","Al Harmaat","الهرمات",36.3624,43.0716,733,TRUE,"Al-Muhamadath","Ninewa",4338.16192563375,16.8965569419799,30722.7926868002,0.141203372032569,7
"89","id_2021",30,"Al-Mosul","2706011",109,25066,"Ninewa","Mosul","Al Tanak","التنك",36.341839,43.052996,285,TRUE,"Al-Muhamadath","Ninewa",5225.03344245752,5.45451054311251,30722.7926868002,0.170070263329363,31
"90","id_2022",6,"Al-Mosul","2706012",109,18328,"Ninewa","Mosul","Al-Akhaa","الاخاء",36.3573743315,43.2034617587,161,TRUE,"Al-Muhamadath","Ninewa",200.139168580373,80.4440235971824,30722.7926868002,0.00651435468841222,7
"91","id_2026",6,"Al-Mosul","2706017",109,18339,"Ninewa","Mosul","Al-Karamah","الكرامة",36.3443403167,43.2145669611,1339,TRUE,"Al-Muhamadath","Ninewa",540.152614911397,247.89290341946,30722.7926868002,0.0175814946387823,7
"92","id_2037",12,"Al-Mosul","2706031",109,23875,"Ninewa","Mosul","Al-Quds","القدس",36.3489956208,43.2261742767,610,TRUE,"Al-Muhamadath","Ninewa",497.081517140071,122.716290782566,30722.7926868002,0.0161795681208902,13
"93","id_2043",6,"Al-Mosul","2706043",109,18314,"Ninewa","Mosul","Hay Al Intisar","الانتصار",36.321603521,43.218416662,743,TRUE,"Al-Muhamadath","Ninewa",804.327777753274,92.375275422592,30722.7926868002,0.0261801648682428,7
"94","id_2045",12,"Al-Mosul","2706046",109,23934,"Ninewa","Mosul","Hay Al Nahrawan","حي النهروان",36.331523,43.066661,114,TRUE,"Al-Muhamadath","Ninewa",4852.96643122037,2.34907868446418,30722.7926868002,0.157959807908524,13
"95","id_2050",6,"Al-Mosul","2706053",109,24635,"Ninewa","Mosul","Hay Nablus","حي نابلس",36.3262496377,43.0826754329,65,TRUE,"Al-Muhamadath","Ninewa",2778.32307608922,2.33954073086037,30722.7926868002,0.0904319833295269,7
"96","id_2063",6,"Al-Mosul","2706094",109,20998,"Ninewa","Mosul","Hay Alalam","حي الاعلام",36.3611094409,43.194877463,386,TRUE,"Al-Muhamadath","Ninewa",251.293381134669,153.605319112301,30722.7926868002,0.00817937951463102,7
"97","id_2065",24,"Tilkaef","2706097",109,20796,"Ninewa","Mosul","Bysan","بيسان",36.4085196439,43.1046098354,51,TRUE,"Markaz Tilkaef","Ninewa",1790.80819694201,2.84787617608004,4756.96347349758,0.376460363195791,25
"98","id_2098",12,"Al-Mosul","2706190",109,31916,"Ninewa","Mosul","Yarmjah","يارمجة",36.3052153852,43.1831571524,200,TRUE,"Al-Muhamadath","Ninewa",1499.23873058955,13.3401036085396,30722.7926868002,0.0487989078946487,13
"99","id_212",61,"Erbil","1202051",109,24507,"Erbil","Erbil","Nisthtiman Comercial Complex","مجمع نشتيمان التجاري",36.18636499,44.01128354,34,TRUE,"Markaz Erbil","Erbil",592.893886884054,5.73458434167479,592.893886884054,1,63
"100","id_2127",6,"Al-Mosul","2706279",109,21335,"Ninewa","Mosul","Al-Sihha","حي الصحة",36.3482788036,43.102107024,65,TRUE,"Al-Muhamadath","Ninewa",2417.66546122233,2.6885440125011,30722.7926868002,0.0786928937700727,7
"101","id_2221",26,"Tilkaef","2709003",109,24600,"Ninewa","Tilkaif","Al Qawsiyat","القوسيات",36.4444211569,43.0985626633,740,TRUE,"Markaz Tilkaef","Ninewa",1362.36484839519,54.3173145484259,4756.96347349758,0.286393800579995,27
"102","id_2228",2,"Tilkaef","2709011",109,17570,"Ninewa","Tilkaif","Bozan","قرية بوزان",36.7332446181,43.1278619368,320,TRUE,"Al-Qosh","Ninewa",234.1159509706,136.684407309003,4756.96347349758,0.0492154190955907,3
"103","id_2234",4,"Tilkaef","2709021",109,24703,"Ninewa","Tilkaif","Jambour Village","قرية جمبور",36.7167878921,42.9541063197,70,TRUE,"Al-Qosh","Ninewa",315.912305394808,22.1580479153916,4756.96347349758,0.0664104963502132,5
"104","id_2248",11,"Tilkaef","2709040",109,17133,"Ninewa","Tilkaif","wanna center","مركز وانة",36.535585072,42.7604203729,60,TRUE,"Wana","Ninewa",1053.76217179497,5.6938844082623,4756.96347349758,0.221519920778409,12
"105","id_2264",24,"Al-Shirqat","2802015",109,21004,"Salah al-Din","Al-Shirqat","Hay Al Askari","الحي العسكري",35.5158826802,43.2348022051,33,TRUE,"Markaz Al-Shirqat","Salah Al-Din",615.434809883436,5.36206263767405,1942.32879819473,0.316854082818235,25
"106","id_2265",28,"Al-Shirqat","2802016",109,24210,"Salah al-Din","Al-Shirqat","Hay Al Qasbah","حي القصبة",35.5229680287,43.2343767397,37,TRUE,"Markaz Al-Shirqat","Salah Al-Din",747.842649499575,4.94756484198365,1942.32879819473,0.385023714931606,29
"107","id_2269",14,"Al-Shirqat","2802028",109,21006,"Salah al-Din","Al-Shirqat","Tal Al Jumiala area","تل بعاجة 1 وتل اجميلة ",35.5109178275,43.2351786364,31,TRUE,"Markaz Al-Shirqat","Salah Al-Din",579.051338811715,5.35358402997838,1942.32879819473,0.298122202250158,15
"108","id_2287",6,"Balad","2804005",109,20767,"Salah al-Din","Balad","Albu Jewari","محلة البو جواري",34.0600252537,44.2158707078,183,TRUE,"Al-Duloeyah","Salah Al-Din",308.558394094308,59.3080608087647,1962.73598317305,0.157208303480266,7
"109","id_2294",31,"Balad","2804017",109,20774,"Salah al-Din","Balad","AL-Eshaqi center","مركز ناحية الاسحاقي",34.047534,43.986862,45,TRUE,"Al-Esshaqi","Salah Al-Din",734.874060094357,6.12349822148057,1962.73598317305,0.374413098039974,32
"110","id_2296",29,"Balad","2804022",109,33347,"Salah al-Din","Balad","Balad station","محطة بلد",33.9535607009,44.1541482824,65,TRUE,"Yathreb","Salah Al-Din",919.303528984388,7.07057005120056,1962.73598317305,0.46837859847976,30
"111","id_2310",23,"Samarra","2806005",109,21723,"Salah al-Din","Samarra","Al Qala-Mahal 201","مقاطعة 4 القلعة محلة 201",34.1820562631,43.855649773,171,TRUE,"Markaz Samarra","Salah Al-Din",1343.68150126934,12.7262301251049,5918.39102857312,0.227034931416705,24
"112","id_2312",10,"Samarra","2806008",109,20695,"Salah al-Din","Samarra","Al-Abasiya Village","قرية العباسية",34.3009239295,43.7838114146,191,TRUE,"Dijla","Salah Al-Din",1255.0413514475,15.2186220621105,5918.39102857312,0.212057862582643,11
"113","id_2314",20,"Samarra","2806010",109,20674,"Salah al-Din","Samarra","Al-Hewaish area","قرية الحويش",34.1951516457,43.8215124607,139,TRUE,"Al-Tharthar","Salah Al-Din",1696.32611878713,8.19417908269813,5918.39102857312,0.286619473197617,21
"114","id_2328",14,"Samarra","2806025",109,21594,"Salah al-Din","Samarra","Hay Al Zuhoor(Al qala 4)Mahala 202","حي الزهور(4-القلعة)محلة 202",34.179837741,43.856304232,109,TRUE,"Markaz Samarra","Salah Al-Din",1623.34205706914,6.71454297172548,5918.39102857312,0.274287732803035,15
"115","id_2338",6,"Tikrit","2808004",109,25569,"Salah al-Din","Tikrit","Al Haweja village-AlAbady","قرية الحويجة-العبادي",34.704490884,43.6843967048,32,TRUE,"Al-Alam","Salah Al-Din",304.191820243994,10.5196780026276,7985.34586546322,0.0380937564094287,7
"116","id_2348",6,"Tikrit","2808025",109,20612,"Salah al-Din","Tikrit","Samrah Village","قرية سمرة",34.7556756507,43.6710715803,55,TRUE,"Al-Alam","Salah Al-Din",234.341250941157,23.4700462590815,7985.34586546322,0.0293464121516249,7
"117","id_2349",6,"Tikrit","2808028",109,23702,"Salah al-Din","Tikrit","Qadisya 2 500 Area","حي المطاردة(قادسية2)مقاطعة 7 محله 218 – قطعه 500",34.6508521597,43.6525807344,201,TRUE,"Um Al-Qura","Salah Al-Din",606.52323328952,33.1397033069719,7985.34586546322,0.0759545351583011,7
"118","id_2350",18,"Tikrit","2808031",109,23918,"Salah al-Din","Tikrit","Al-Mutaradah 204","حي الشهداء مقاطعة 7-المطاردة محلة 204",34.6225053677,43.6736595444,128,TRUE,"Um Al-Qura","Salah Al-Din",655.775665501753,19.5188700547562,7985.34586546322,0.0821223872516276,19
"119","id_2353",6,"Tikrit","2808037",109,22966,"Salah al-Din","Tikrit","Hay Sheshen Mahal 408","حي شيشين-مقاطعة 5-وادي شيشين محلة 408",34.5929545071,43.6796363443,110,TRUE,"Um Al-Qura","Salah Al-Din",271.29633585612,40.5460691729865,7985.34586546322,0.0339742749314694,7
"120","id_2367",6,"Tikrit","2808058",109,25962,"Salah al-Din","Tikrit","Hay Salma Altaghlubia","حي سلمى التغلبيه-محله 401",34.6097445069,43.6807898618,32,TRUE,"Um Al-Qura","Salah Al-Din",346.848447442055,9.22593145103986,7985.34586546322,0.0434356198573917,7
"121","id_2368",6,"Tikrit","2808061",109,25922,"Salah al-Din","Tikrit","Qadisya 1 Mahala 214","حي المطاردة(قادسية1)مقاطعة 7-محله 214",34.6457808852,43.6703245895,149,TRUE,"Um Al-Qura","Salah Al-Din",407.981912175814,36.5212269351271,7985.34586546322,0.0510913264183514,7
"122","id_2377",6,"Tikrit","2808072",109,27368,"Salah al-Din","Tikrit","Hay Alkahrbaa","حي الكهرباء",34.6040726826,43.6662511993,40,TRUE,"Um Al-Qura","Salah Al-Din",312.304746538401,12.8080025818889,7985.34586546322,0.0391097332288542,7
"123","id_2385",12,"Tikrit","2808081",109,20638,"Salah al-Din","Tikrit","Hay Al Dhubbat","حي الضباط",34.6346683931,43.670680984,55,TRUE,"Um Al-Qura","Salah Al-Din",693.058433562517,7.93583878884272,7985.34586546322,0.0867912855922758,13
"124","id_2388",18,"Tikrit","2808085",109,29589,"Salah al-Din","Tikrit","Al-Dibsa Village","قرية الدبسة",34.6467615059,43.7031670287,40,TRUE,"Al-Alam","Salah Al-Din",567.213995357355,7.05201217307752,7985.34586546322,0.0710318632296901,19
"125","id_2390",12,"Tikrit","2808089",109,33440,"Salah al-Din","Tikrit","Al-Qadisya Complex","مجمع القادسية",34.6505041933,43.6632821616,842,TRUE,"Um Al-Qura","Salah Al-Din",324.61622573932,259.38321415768,7985.34586546322,0.0406514922720244,13
"126","id_2394",14,"Tooz Khurmato","2809005",109,25866,"Salah al-Din","Tooz","Hay Komari-120","حي كوماري م(5-الطوز)محلة 120",34.8963111574,44.6257252615,885,TRUE,"Markaz Tooz Khurmato","Salah Al-Din",652.596165657043,135.612197339371,2566.81413884958,0.254243638360794,15
"127","id_2395",27,"Tooz Khurmato","2809007",109,25868,"Salah al-Din","Tooz","Hay Rizgari-114","حي رزكاري م(5-الطوز)محلة 114",34.8867014915,44.6426739199,317,TRUE,"Markaz Tooz Khurmato","Salah Al-Din",931.643398841222,34.0258944993637,2566.81413884958,0.3629570932856,28
"128","id_2397",15,"Tooz Khurmato","2809010",109,25754,"Salah al-Din","Tooz","Markaz Tooz-Hay Al Askari","حي العسكري",34.8789338333,44.615667139,770,TRUE,"Markaz Tooz Khurmato","Salah Al-Din",686.691792329152,112.131819340417,2566.81413884958,0.267526885541047,16
"129","id_2406",10,"Tooz Khurmato","2809022",109,25872,"Salah al-Din","Tooz","Unformal Shelter","سكن غير رسمي",34.9051509006,44.622257134,330,TRUE,"Markaz Tooz Khurmato","Salah Al-Din",295.882782022158,111.530653370458,2566.81413884958,0.115272382812559,11
"130","id_2476",62,"Al-Suwaira","2904060",109,24967,"Wassit","Al-Azezia","Taj al-dien center 1","مركز تاج الدين 1",32.9892205611,44.8433706424,33,TRUE,"Al-Hafriya","Wassit",643.250824669997,5.13019163511058,643.250824669997,1,64
"131","id_2484",15,"Al-Kut","2906001",109,19548,"Wassit","Kut","Al Batar village","قرية البتار",32.5665956931,45.6494594545,38,TRUE,"Markaz Al-Kut","Wassit",818.901432325443,4.64036311331035,3804.60750679672,0.215239398771758,16
"132","id_2501",31,"Al-Kut","2906023",109,24261,"Wassit","Kut","Hay Al-Hawaraa 3","حي الحوراء الثالثة",32.4870263336,45.848593049,63,TRUE,"Wasit","Wassit",1516.86488749584,4.15330333764964,3804.60750679672,0.398691556168683,32
"133","id_2520",3,"Al-Kut","2906051",109,22693,"Wassit","Kut","Al-Jihad-Al Thaqalain","الجهاد-الثقلين",32.4807578385,45.8165036781,28,TRUE,"Wasit","Wassit",223.74122317632,12.5144573728975,3804.60750679672,0.058807964494792,4
"134","id_2522",5,"Al-Kut","2906055",109,20872,"Wassit","Kut","Hay Al-Hakeem","حي الحكيم",32.5390314701,45.8509579368,25,TRUE,"Markaz Al-Kut","Wassit",283.618390162786,8.8146611316886,3804.60750679672,0.0745460312676452,6
"135","id_2525",10,"Al-Kut","2906059",109,19070,"Wassit","Kut","Hay al-zahraa","حي الزهراء",32.5229187399,45.8169767969,15,TRUE,"Markaz Al-Kut","Wassit",544.465139071147,2.75499732188362,3804.60750679672,0.14310678252579,11
"136","id_2528",3,"Al-Kut","2906064",109,24787,"Wassit","Kut","Sewada Said Shati","سوادة وسيد شاطي",32.5946979347,45.9424674909,18,TRUE,"Markaz Al-Kut","Wassit",417.016434565187,4.31637664802544,3804.60750679672,0.109608266771332,4
"137","id_2655",25,"Al-Basrah","3105030",109,963,"Basrah","Basrah","AL Mowafaqiah","البصرة-الموفقية",30.5218062,47.787362,17,TRUE,"Markaz Al-Basrah","Al-Basrah",2086.85378201803,0.814623436796836,4905.98952229818,0.425368577028769,26
"138","id_2681",9,"Al-Basrah","3105069",109,24182,"Basrah","Basrah","Casino Lebnan","البصرة-كازينو لبنان",30.5077651,47.8083123,13,TRUE,"Markaz Al-Basrah","Al-Basrah",679.078577041626,1.91435872659006,4905.98952229818,0.138418268925188,10
"139","id_2701",4,"Al-Basrah","3105094",109,860,"Basrah","Basrah","Hay Al Risalah","البصرة-حي الرسالة",30.4988958,47.8068462,21,TRUE,"Markaz Al-Basrah","Al-Basrah",548.395413716634,3.8293536880035,4905.98952229818,0.111780795948325,5
"140","id_2712",29,"Al-Basrah","3105112",109,891,"Basrah","Basrah","Manawi pasha","مناوي باشا",30.5084310501,47.8411114593,13,TRUE,"Markaz Al-Basrah","Al-Basrah",1591.66174952189,0.81675644991186,4905.98952229818,0.324432358097717,30
"141","id_2783",62,"Al-Kahla","3205002",109,24532,"Missan","Amara","Al Hay Al JameI","الحي الجامعي",31.8070592126,47.1798427496,120,TRUE,"Al-Msharah","Maysan",656.953368822734,18.2661366384407,656.953368822734,1,64
"142","id_2919",8,"Al-Najaf","3403003",109,20260,"Najaf","Najaf","Al bory","قرية البوري",32.2796098883,44.2892570104,25,TRUE,"Al-Haydariya","Al-Najaf",1272.13280512889,1.96520362490511,10429.2182381451,0.121977772070781,9
"143","id_2922",5,"Al-Najaf","3403012",109,20338,"Najaf","Najaf","AL JEDAIDA","الجديدة 4",31.990201697,44.3228198024,64,TRUE,"Markaz Al-Najaf","Al-Najaf",641.616336186727,9.97480836918316,10429.2182381451,0.0615210384456239,6
"144","id_2933",22,"Al-Najaf","3403032",109,19965,"Najaf","Najaf","Aljadidah alulah","الجديدة الاولى",31.9949114615,44.3285638359,21,TRUE,"Markaz Al-Najaf","Al-Najaf",3917.47246805827,0.536059925659384,10429.2182381451,0.375624747570246,23
"145","id_2942",6,"Al-Najaf","3403049",109,21574,"Najaf","Najaf","Al-Shaheed Al-Sadar 1","حي الشهيد الصدر 1",32.0628537147,44.3259695877,20,TRUE,"Markaz Al-Najaf","Al-Najaf",1059.09322786331,1.88840788268936,10429.2182381451,0.101550586408256,7
"146","id_2957",10,"Al-Najaf","3403080",109,29619,"Najaf","Najaf","Al-Mazarea AL-Westa","المزارع الوسطى",32.2412195358,44.280700527,90,TRUE,"Al-Haydariya","Al-Najaf",996.670959909757,9.0300614365396,10429.2182381451,0.0955652607080758,11
"147","id_2958",5,"Al-Najaf","3403081",109,20341,"Najaf","Najaf","Al-Qasim","القاسم",32.3101327841,44.2762337385,65,TRUE,"Al-Haydariya","Al-Najaf",698.91639149189,9.30011097053434,10429.2182381451,0.0670152235318642,6
"148","id_2961",5,"Al-Najaf","3403084",109,29621,"Najaf","Najaf","Mazara Al-Hawli","مزارع الحولي",32.0964972997,44.3292697474,160,TRUE,"Markaz Al-Najaf","Al-Najaf",347.842810183764,45.9977884595265,10429.2182381451,0.033352721387258,6
"149","id_2962",4,"Al-Najaf","3403085",109,29622,"Najaf","Najaf","Fadak Village","قرية فدك",32.2165742135,44.3010811259,48,TRUE,"Al-Haydariya","Al-Najaf",600.616840521495,7.99178390641249,10429.2182381451,0.0575898237822586,5
"150","id_2963",65,"Al-Kufa","3403086",109,29623,"Najaf","Najaf","Al-Mazara 2","المزارع الثانية",32.11799585,44.3386901483,146,TRUE,"Al-Huriya","Al-Najaf",1249.85034533342,11.6813985406431,1249.85034533342,1,67
"151","id_2964",3,"Al-Najaf","3403088",109,29658,"Najaf","Najaf","Al-Shaheed Al-Sadar-Shareet","حي الشهيد الصدر-الشريط",32.0733908111,44.3273256626,42,TRUE,"Markaz Al-Najaf","Al-Najaf",894.856398801009,4.69349049258345,10429.2182381451,0.0858028260956368,4
"152","id_3021",65,"Al-Nasiriya","3504042",109,10263,"Thi-Qar","Nassriya","Sadir City","حي مدينة الصدر",31.0802066016,46.23576004,16,TRUE,"Markaz Al-Nasiriya","Thi Qar",1284.61504920324,1.24550930723751,1284.61504920324,1,67
"153","id_3091",6,"Al-Diwaniya","3603008",109,24905,"Qadissiya","Diwaniya","Al himran village","قرية الحمران",32.0377858076,44.7830585763,22,TRUE,"Al-Saniya","Al-Qadissiya",750.238071918488,2.93240250308042,7077.45613738894,0.106003916852994,7
"154","id_3093",6,"Al-Diwaniya","3603010",109,24436,"Qadissiya","Diwaniya","Albo Hasan village","قرية البو حسن",32.0208274154,44.8158267047,14,TRUE,"Al-Saniya","Al-Qadissiya",481.385430544615,2.90827248015403,7077.45613738894,0.0680167310400613,7
"155","id_3101",6,"Al-Diwaniya","3603025",109,2885,"Qadissiya","Diwaniya","Al-Jazaair 2","الجزائر الثانية",31.9871806959,44.8990242183,13,TRUE,"Al-Shafeia","Al-Qadissiya",248.14311170578,5.238912299695,7077.45613738894,0.0350610596362278,7
"156","id_3107",12,"Al-Diwaniya","3603033",109,25071,"Qadissiya","Diwaniya","Al-Jabaar village","قرية ال جبار",32.0319890929,44.7900743969,16,TRUE,"Al-Saniya","Al-Qadissiya",671.192089160283,2.38381832241457,7077.45613738894,0.0948352170795513,13
"157","id_3108",18,"Al-Diwaniya","3603034",109,25070,"Qadissiya","Diwaniya","Hay Al-Hussain","حي الحسين",32.0701462957,44.7678611852,13,TRUE,"Al-Saniya","Al-Qadissiya",472.07622329394,2.75379257809083,7077.45613738894,0.0667013986565096,19
"158","id_3126",6,"Al-Diwaniya","3603057",109,24382,"Qadissiya","Diwaniya","Hay Al Shomos","حي الشموس",32.0018013893,44.8611126143,13,TRUE,"Al-Shafeia","Al-Qadissiya",247.624482611815,5.2498847702306,7077.45613738894,0.0349877806099933,7
"159","id_3131",12,"Al-Diwaniya","3603064",109,25568,"Qadissiya","Diwaniya","Hay Al-Amin 2","حي الامين 2",32.0062987693,44.8467277642,20,TRUE,"Al-Saniya","Al-Qadissiya",268.198250671228,7.45717019031459,7077.45613738894,0.0378947245260036,13
"160","id_3136",12,"Al-Diwaniya","3603073",109,23715,"Qadissiya","Diwaniya","Hay Al-Hadarah","حي الحضارة",32.0156769347,44.917870713,15,TRUE,"Markaz Al-Diwaniya","Al-Qadissiya",437.978168904781,3.42482823687522,7077.45613738894,0.0618835582167752,13
"161","id_3144",12,"Al-Diwaniya","3603081",109,24307,"Qadissiya","Diwaniya","Hay Ramadan","حي رمضان",31.9799313135,44.9006470386,16,TRUE,"Al-Shafeia","Al-Qadissiya",472.934883038203,3.38312959644965,7077.45613738894,0.0668227218731561,13
"162","id_3147",6,"Al-Diwaniya","3603087",109,21783,"Qadissiya","Diwaniya","Hay Al-Sadir 4","حي الصدر الرابعة",31.9950297195,44.9545479566,13,TRUE,"Markaz Al-Diwaniya","Al-Qadissiya",350.938276986281,3.70435511100096,7077.45613738894,0.0495853694002194,7
"163","id_3148",6,"Al-Diwaniya","3603088",109,25860,"Qadissiya","Diwaniya","Salman Hlis Village","قرية سلمان هليس",31.9976262236,44.9793355912,15,TRUE,"Markaz Al-Diwaniya","Al-Qadissiya",835.405575156212,1.79553506058362,7077.45613738894,0.118037548935544,7
"164","id_52",6,"Duhok","1102018",109,7949,"Dahuk","Dahuk","Eminke","امينكي",36.8598589802,43.0951110949,132,TRUE,"Zawita","Duhok",821.053602645795,16.076904062614,12435.1203260372,0.0660269929939187,7
"165","id_58",18,"Duhok","1102025",109,8871,"Dahuk","Dahuk","Kora","كورا",36.9342194987,43.1478301239,66,TRUE,"Zawita","Duhok",665.280485560497,9.920627679977,12435.1203260372,0.0535001244955791,19
"166","id_592",7,"Al-Sulaymaniyah","1310031",109,21287,"Sulaymaniyah","Sulaymaniya","Chwar Chra","جوارجرا",35.5412535,45.4042363,50,TRUE,"Sarchnar","Al-Sulaymaniyah",286.825824379921,17.4321820945144,3060.51424364249,0.0937181798698488,8
"167","id_611",31,"Al-Sulaymaniyah","1310052",109,24254,"Sulaymaniyah","Sulaymaniya","Kanakawa","كنكوة",35.5948445,45.256526,128,TRUE,"Sarchnar","Al-Sulaymaniyah",1499.16832137108,8.53806728539571,3060.51424364249,0.489841968383338,32
"168","id_629",24,"Al-Sulaymaniyah","1310072",109,25575,"Sulaymaniyah","Sulaymaniya","Muaskar Al-Salam","معسكر سلام",35.6124628,45.299686,30,TRUE,"Sarchnar","Al-Sulaymaniyah",967.514032522837,3.10073022111872,3060.51424364249,0.316127929981906,25
"169","id_63",6,"Duhok","1102032",109,24092,"Dahuk","Dahuk","Masik-1","ماسيك 1",36.8811633973,42.9483022751,170,TRUE,"Markaz Duhok","Duhok",524.079621473948,32.4378191851619,12435.1203260372,0.0421451186424475,7
"170","id_646",5,"Al-Sulaymaniyah","1310092",109,21021,"Sulaymaniyah","Sulaymaniya","Sabun karan Qt","صابن كران",35.5540113,45.4460452,63,TRUE,"Qaradagh","Al-Sulaymaniyah",307.006065368652,20.5207672116672,3060.51424364249,0.100311921764908,6
"171","id_65",12,"Duhok","1102035",109,24802,"Dahuk","Dahuk","Mazi","مازي",36.8554966559,42.9760557794,110,TRUE,"Markaz Duhok","Duhok",772.408705393473,14.241165231814,12435.1203260372,0.0621150970108564,13
"172","id_69",24,"Duhok","1102039",109,7946,"Dahuk","Dahuk","Nazarke","نزاركي",36.8461278321,43.0477659993,275,TRUE,"Zawita","Duhok",1979.68559726079,13.8910946455592,12435.1203260372,0.159201161336223,25
"173","id_70",6,"Duhok","1102040",109,24188,"Dahuk","Dahuk","Qassara","قسارا",36.8419729136,42.9320372118,34,TRUE,"Markaz Duhok","Duhok",560.941924045483,6.06123353283952,12435.1203260372,0.0451094890389567,7
"174","id_73",12,"Duhok","1102043",109,26049,"Dahuk","Dahuk","Sarbasti","سربستي",36.8504093869,43.0095617029,28,TRUE,"Markaz Duhok","Duhok",812.810276985168,3.44483833347384,12435.1203260372,0.0653640862069722,13
"175","id_79",6,"Duhok","1102049",109,7921,"Dahuk","Dahuk","Zawita","زاويتة",36.906067605,43.1464300223,79,TRUE,"Zawita","Duhok",643.464316477378,12.2772930801326,12435.1203260372,0.051745724979441,7
"176","id_80",6,"Duhok","1102050",109,25898,"Dahuk","Dahuk","Avrike","افريكي",36.8317640341,43.1187556661,204,TRUE,"Zawita","Duhok",624.135721683502,32.6851985734359,12435.1203260372,0.0501913697108872,7
"177","id_814",12,"Al-Falluja","2105018",109,26036,"Anbar","Falluja","Al-Amirya-Albu Jasim","البوجاسم",33.1985825065,43.8994256428,51,TRUE,"Al-Amirya","Al-Anbar",494.017035265764,10.3235306394979,4972.54976295431,0.0993488368776537,13
"178","id_815",3,"Al-Falluja","2105019",109,26037,"Anbar","Falluja","Al-Amirya-Albu Jwad","البوجواد",33.1511765727,43.9914167207,209,TRUE,"Al-Amirya","Al-Anbar",364.726597497861,57.3031968147664,4972.54976295431,0.0733480035162418,4
"179","id_816",12,"Al-Falluja","2105031",109,21226,"Anbar","Falluja","Albu Hori","البوحوري",33.1584538531,43.891670833,84,TRUE,"Al-Amirya","Al-Anbar",668.303430358569,12.5691409297317,4972.54976295431,0.134398540430395,13
"180","id_818",3,"Al-Falluja","2105069",109,26084,"Anbar","Falluja","Al-Amirya-Al Betra","البترا",33.1146127261,44.050656815,100,TRUE,"Al-Amirya","Al-Anbar",359.687223533789,27.8019327507767,4972.54976295431,0.0723345648973637,4
"181","id_819",4,"Al-Falluja","2105070",109,26091,"Anbar","Falluja","Al-Amirya-Al Hmedin","الحميدين",33.1581146404,43.9370036385,146,TRUE,"Al-Amirya","Al-Anbar",528.376374502977,27.6318183486793,4972.54976295431,0.106258639871118,5
"182","id_820",5,"Al-Falluja","2105071",109,26092,"Anbar","Falluja","Al-Amirya-Al Mouilha","المويلحة",33.1369872639,43.9652844016,265,TRUE,"Al-Amirya","Al-Anbar",435.227230757475,60.8877343310506,4972.54976295431,0.0875259678646023,6
"183","id_821",2,"Al-Falluja","2105073",109,26085,"Anbar","Falluja","Al-Amirya-Albu Jaber","البوجابر",33.1211464337,44.0423669687,99,TRUE,"Al-Amirya","Al-Anbar",240.641457637151,41.1400433541573,4972.54976295431,0.0483939767541271,3
"184","id_823",2,"Al-Falluja","2105075",109,26088,"Anbar","Falluja","Al-Amirya-Albu Saleh","البوصالح",33.1430931291,44.0211612376,246,TRUE,"Al-Amirya","Al-Anbar",433.317689647277,56.7712802586585,4972.54976295431,0.0871419513738224,3
"185","id_824",8,"Al-Falluja","2105076",109,26087,"Anbar","Falluja","Al-Amirya-Albu Salman","البوسليمان",33.1564526269,44.0013657765,196,TRUE,"Al-Amirya","Al-Anbar",383.034135043621,51.1703741437245,4972.54976295431,0.0770297238445435,9
"186","id_825",9,"Al-Falluja","2105077",109,26093,"Anbar","Falluja","Al-Amirya-Tal Ghatas","تل غطاس",33.1809296607,43.9232902545,80,TRUE,"Al-Amirya","Al-Anbar",555.611287732919,14.3985555668653,4972.54976295431,0.111735691791814,10
"187","id_828",7,"Al-Falluja","2105088",109,31877,"Anbar","Falluja","Al-Ekhaa Compaund","مجمع الاخاء السكني",33.1640239928,43.8626614926,31,TRUE,"Al-Amirya","Al-Anbar",509.607300976912,6.08311535972371,4972.54976295431,0.102484102778318,8
"188","id_89",12,"Duhok","1102063",109,33474,"Dahuk","Dahuk","Rizgari","رزكاري",36.8525779027,42.9500391596,55,TRUE,"Markaz Duhok","Duhok",611.269098321597,8.99767388062267,12435.1203260372,0.0491566693602228,13
"189","id_91",6,"Sumail","1103002",109,8044,"Dahuk","Sumel","Bajit Kandala","باجت كندال",37.047257891,42.4509848689,109,TRUE,"Bateel","Duhok",384.666314557195,28.3362477750292,8240.0502821058,0.0466825202987585,7
"190","id_93",12,"Sumail","1103004",109,8019,"Dahuk","Sumel","Bakhitme","باختمي",36.806965597,42.8592781877,26,TRUE,"Sindi","Duhok",375.697206526995,6.92046668122667,8240.0502821058,0.0455940429566144,13
"191","id_95",6,"Sumail","1103006",109,8196,"Dahuk","Sumel","Batel","باتيل",36.9610934335,42.6808735675,89,TRUE,"Bateel","Duhok",233.122551940382,38.1773446023192,8240.0502821058,0.028291399197725,7
"192","id_97",12,"Sumail","1103009",109,8239,"Dahuk","Sumel","Fayda","فايدة",36.7568274843,42.9256268626,311,TRUE,"Fayde","Duhok",730.178613334894,42.5923184163928,8240.0502821058,0.0886133686490432,13
